batch_id,record_type,first_doc_id,last_doc_id,rows
B01-M01,visit_note,VN-000001,VN-000050,50
B01-M02,visit_note,VN-000051,VN-000100,50
B01-M03,visit_note,VN-000101,VN-000150,50
B01-M04,visit_note,VN-000151,VN-000200,50
B01-M05,visit_note,VN-000201,VN-000250,50
B01-M06,visit_note,VN-000251,VN-000300,50
B01-M07,visit_note,VN-000301,VN-000350,50
B01-M08,visit_note,VN-000351,VN-000400,50
B01-M09,visit_note,VN-000401,VN-000450,50
B01-M10,visit_note,VN-000451,VN-000500,50
B02-M01,visit_note,VN-000501,VN-000550,50
B02-M02,visit_note,VN-000551,VN-000600,50
B02-M03,visit_note,VN-000601,VN-000650,50
B02-M04,visit_note,VN-000651,VN-000700,50
B02-M05,visit_note,VN-000701,VN-000750,50
B02-M06,visit_note,VN-000751,VN-000800,50
B02-M07,visit_note,VN-000801,VN-000850,50
B02-M08,visit_note,VN-000851,VN-000900,50
B02-M09,visit_note,VN-000901,VN-000950,50
B02-M10,visit_note,VN-000951,VN-001000,50
B03-M01,visit_note,VN-001001,VN-001050,50
B03-M02,visit_note,VN-001051,VN-001100,50
B03-M03,visit_note,VN-001101,VN-001150,50
B03-M04,visit_note,VN-001151,VN-001200,50
B03-M05,visit_note,VN-001201,VN-001250,50
B03-M06,visit_note,VN-001251,VN-001300,50
B03-M07,visit_note,VN-001301,VN-001350,50
B03-M08,visit_note,VN-001351,VN-001400,50
B03-M09,visit_note,VN-001401,VN-001450,50
B03-M10,visit_note,VN-001451,VN-001500,50
B04-M01,visit_note,VN-001501,VN-001550,50
B04-M02,visit_note,VN-001551,VN-001600,50
B04-M03,visit_note,VN-001601,VN-001650,50
B04-M04,visit_note,VN-001651,VN-001700,50
B04-M05,visit_note,VN-001701,VN-001750,50
B04-M06,visit_note,VN-001751,VN-001800,50
B04-M07,visit_note,VN-001801,VN-001850,50
B04-M08,visit_note,VN-001851,VN-001900,50
B04-M09,visit_note,VN-001901,VN-001950,50
B04-M10,visit_note,VN-001951,VN-002000,50
B05-M01,visit_note,VN-002001,VN-002050,50
B05-M02,visit_note,VN-002051,VN-002100,50
B05-M03,visit_note,VN-002101,VN-002150,50
B05-M04,visit_note,VN-002151,VN-002200,50
B05-M05,visit_note,VN-002201,VN-002250,50
B05-M06,visit_note,VN-002251,VN-002300,50
B05-M07,visit_note,VN-002301,VN-002350,50
B05-M08,visit_note,VN-002351,VN-002400,50
B05-M09,visit_note,VN-002401,VN-002450,50
B05-M10,visit_note,VN-002451,VN-002500,50
B06-M01,visit_note,VN-002501,VN-002550,50
B06-M02,visit_note,VN-002551,VN-002600,50
B06-M03,visit_note,VN-002601,VN-002650,50
B06-M04,visit_note,VN-002651,VN-002700,50
B06-M05,prescription,RX-000001,RX-000050,50
B06-M06,prescription,RX-000051,RX-000100,50
B06-M07,prescription,RX-000101,RX-000150,50
B06-M08,prescription,RX-000151,RX-000200,50
B06-M09,prescription,RX-000201,RX-000250,50
B06-M10,prescription,RX-000251,RX-000300,50
B07-M01,prescription,RX-000301,RX-000350,50
B07-M02,prescription,RX-000351,RX-000400,50
B07-M03,prescription,RX-000401,RX-000450,50
B07-M04,prescription,RX-000451,RX-000500,50
B07-M05,prescription,RX-000501,RX-000550,50
B07-M06,prescription,RX-000551,RX-000600,50
B07-M07,prescription,RX-000601,RX-000650,50
B07-M08,prescription,RX-000651,RX-000700,50
B07-M09,prescription,RX-000701,RX-000750,50
B07-M10,prescription,RX-000751,RX-000800,50
B08-M01,prescription,RX-000801,RX-000850,50
B08-M02,prescription,RX-000851,RX-000900,50
B08-M03,prescription,RX-000901,RX-000950,50
B08-M04,prescription,RX-000951,RX-001000,50
B08-M05,prescription,RX-001001,RX-001050,50
B08-M06,prescription,RX-001051,RX-001100,50
B08-M07,prescription,RX-001101,RX-001150,50
B08-M08,prescription,RX-001151,RX-001200,50
B08-M09,prescription,RX-001201,RX-001250,50
B08-M10,prescription,RX-001251,RX-001300,50
B09-M01,prescription,RX-001301,RX-001350,50
B09-M02,prescription,RX-001351,RX-001400,50
B09-M03,prescription,RX-001401,RX-001450,50
B09-M04,prescription,RX-001451,RX-001500,50
B09-M05,prescription,RX-001501,RX-001550,50
B09-M06,prescription,RX-001551,RX-001600,50
B09-M07,prescription,RX-001601,RX-001650,50
B09-M08,prescription,RX-001651,RX-001700,50
B09-M09,prescription,RX-001701,RX-001750,50
B09-M10,prescription,RX-001751,RX-001800,50
B10-M01,prescription,RX-001801,RX-001850,50
B10-M02,prescription,RX-001851,RX-001900,50
B10-M03,prescription,RX-001901,RX-001950,50
B10-M04,prescription,RX-001951,RX-002000,50
B10-M05,prescription,RX-002001,RX-002050,50
B10-M06,prescription,RX-002051,RX-002100,50
B10-M07,prescription,RX-002101,RX-002150,50
B10-M08,prescription,RX-002151,RX-002200,50
B10-M09,prescription,RX-002201,RX-002250,50
B10-M10,prescription,RX-002251,RX-002300,50
B11-M01,faq,FAQ-000001,FAQ-000050,50
B11-M02,faq,FAQ-000051,FAQ-000100,50
B11-M03,faq,FAQ-000101,FAQ-000150,50
B11-M04,faq,FAQ-000151,FAQ-000200,50
B11-M05,faq,FAQ-000201,FAQ-000250,50
B12-M01,visit_note,VN-002701,VN-002750,50
B12-M02,visit_note,VN-002751,VN-002800,50
B12-M03,visit_note,VN-002801,VN-002850,50
B12-M04,visit_note,VN-002851,VN-002900,50
B12-M05,visit_note,VN-002901,VN-002950,50
B12-M06,visit_note,VN-002951,VN-003000,50
B12-M07,visit_note,VN-003001,VN-003050,50
B12-M08,visit_note,VN-003051,VN-003100,50
B12-M09,visit_note,VN-003101,VN-003150,50
B12-M10,visit_note,VN-003151,VN-003200,50
B13-M01,visit_note,VN-003201,VN-003250,50
B13-M02,visit_note,VN-003251,VN-003300,50
B13-M03,visit_note,VN-003301,VN-003350,50
B13-M04,visit_note,VN-003351,VN-003400,50
B13-M05,visit_note,VN-003401,VN-003450,50
B13-M06,visit_note,VN-003451,VN-003500,50
B13-M07,visit_note,VN-003501,VN-003550,50
B13-M08,visit_note,VN-003551,VN-003600,50
B13-M09,visit_note,VN-003601,VN-003650,50
B13-M10,visit_note,VN-003651,VN-003700,50
B14-M01,visit_note,VN-003701,VN-003750,50
B14-M02,visit_note,VN-003751,VN-003800,50
B14-M03,visit_note,VN-003801,VN-003850,50
B14-M04,visit_note,VN-003851,VN-003900,50
B14-M05,visit_note,VN-003901,VN-003950,50
B14-M06,visit_note,VN-003951,VN-004000,50
B14-M07,visit_note,VN-004001,VN-004050,50
B14-M08,visit_note,VN-004051,VN-004100,50
B14-M09,visit_note,VN-004101,VN-004150,50
B14-M10,visit_note,VN-004151,VN-004200,50
B15-M01,visit_note,VN-004201,VN-004250,50
B15-M02,visit_note,VN-004251,VN-004300,50
B15-M03,visit_note,VN-004301,VN-004350,50
B15-M04,visit_note,VN-004351,VN-004400,50
B15-M05,visit_note,VN-004401,VN-004450,50
B15-M06,visit_note,VN-004451,VN-004500,50
B15-M07,visit_note,VN-004501,VN-004550,50
B15-M08,visit_note,VN-004551,VN-004600,50
B15-M09,visit_note,VN-004601,VN-004650,50
B15-M10,visit_note,VN-004651,VN-004700,50
B16-M01,visit_note,VN-004701,VN-004750,50
B16-M02,visit_note,VN-004751,VN-004800,50
B16-M03,visit_note,VN-004801,VN-004850,50
B16-M04,visit_note,VN-004851,VN-004900,50
B16-M05,visit_note,VN-004901,VN-004950,50
B16-M06,visit_note,VN-004951,VN-005000,50
B16-M07,visit_note,VN-005001,VN-005050,50
B16-M08,visit_note,VN-005051,VN-005100,50
B16-M09,visit_note,VN-005101,VN-005150,50
B16-M10,visit_note,VN-005151,VN-005200,50
B17-M01,visit_note,VN-005201,VN-005250,50
B17-M02,visit_note,VN-005251,VN-005300,50
B17-M03,visit_note,VN-005301,VN-005350,50
B17-M04,visit_note,VN-005351,VN-005400,50
B17-M05,visit_note,VN-005401,VN-005450,50
B17-M06,visit_note,VN-005451,VN-005500,50
B17-M07,visit_note,VN-005501,VN-005550,50
B17-M08,visit_note,VN-005551,VN-005600,50
B17-M09,visit_note,VN-005601,VN-005650,50
B17-M10,visit_note,VN-005651,VN-005700,50
B18-M01,visit_note,VN-005701,VN-005750,50
B18-M02,visit_note,VN-005751,VN-005800,50
B18-M03,visit_note,VN-005801,VN-005850,50
B18-M04,visit_note,VN-005851,VN-005900,50
B18-M05,visit_note,VN-005901,VN-005950,50
B18-M06,visit_note,VN-005951,VN-006000,50
B18-M07,visit_note,VN-006001,VN-006050,50
B18-M08,visit_note,VN-006051,VN-006100,50
B18-M09,visit_note,VN-006101,VN-006150,50
B18-M10,visit_note,VN-006151,VN-006200,50
B19-M01,visit_note,VN-006201,VN-006250,50
B19-M02,visit_note,VN-006251,VN-006300,50
B19-M03,visit_note,VN-006301,VN-006350,50
B19-M04,visit_note,VN-006351,VN-006400,50
B19-M05,visit_note,VN-006401,VN-006450,50
B19-M06,visit_note,VN-006451,VN-006500,50
B19-M07,visit_note,VN-006501,VN-006550,50
B19-M08,visit_note,VN-006551,VN-006600,50
B19-M09,visit_note,VN-006601,VN-006650,50
B19-M10,visit_note,VN-006651,VN-006700,50
B20-M01,visit_note,VN-006701,VN-006750,50
B20-M02,visit_note,VN-006751,VN-006800,50
B20-M03,visit_note,VN-006801,VN-006850,50
B20-M04,visit_note,VN-006851,VN-006900,50
B20-M05,visit_note,VN-006901,VN-006950,50
B20-M06,visit_note,VN-006951,VN-007000,50
B20-M07,visit_note,VN-007001,VN-007050,50
B20-M08,visit_note,VN-007051,VN-007100,50
B20-M09,visit_note,VN-007101,VN-007150,50
B20-M10,visit_note,VN-007151,VN-007200,50
B21-M01,visit_note,VN-007201,VN-007250,50
B21-M02,visit_note,VN-007251,VN-007300,50
B21-M03,visit_note,VN-007301,VN-007350,50
B21-M04,visit_note,VN-007351,VN-007400,50
B21-M05,visit_note,VN-007401,VN-007450,50
B21-M06,visit_note,VN-007451,VN-007500,50
B21-M07,visit_note,VN-007501,VN-007550,50
B21-M08,visit_note,VN-007551,VN-007600,50
B21-M09,visit_note,VN-007601,VN-007650,50
B21-M10,visit_note,VN-007651,VN-007700,50
B22-M01,visit_note,VN-007701,VN-007750,50
B22-M02,visit_note,VN-007751,VN-007800,50
B22-M03,visit_note,VN-007801,VN-007850,50
B22-M04,visit_note,VN-007851,VN-007900,50
B22-M05,visit_note,VN-007901,VN-007950,50
B22-M06,visit_note,VN-007951,VN-008000,50
B22-M07,visit_note,VN-008001,VN-008050,50
B22-M08,visit_note,VN-008051,VN-008100,50
B22-M09,visit_note,VN-008101,VN-008150,50
B22-M10,visit_note,VN-008151,VN-008200,50
B23-M01,visit_note,VN-008201,VN-008250,50
B23-M02,visit_note,VN-008251,VN-008300,50
B23-M03,visit_note,VN-008301,VN-008350,50
B23-M04,visit_note,VN-008351,VN-008400,50
B23-M05,visit_note,VN-008401,VN-008450,50
B23-M06,visit_note,VN-008451,VN-008500,50
B23-M07,visit_note,VN-008501,VN-008550,50
B23-M08,visit_note,VN-008551,VN-008600,50
B23-M09,visit_note,VN-008601,VN-008650,50
B23-M10,visit_note,VN-008651,VN-008700,50
B24-M01,visit_note,VN-008701,VN-008750,50
B24-M02,visit_note,VN-008751,VN-008800,50
B24-M03,visit_note,VN-008801,VN-008850,50
B24-M04,visit_note,VN-008851,VN-008900,50
B24-M05,visit_note,VN-008901,VN-008950,50
B24-M06,visit_note,VN-008951,VN-009000,50
B24-M07,visit_note,VN-009001,VN-009050,50
B24-M08,visit_note,VN-009051,VN-009100,50
B24-M09,visit_note,VN-009101,VN-009150,50
B24-M10,visit_note,VN-009151,VN-009200,50
B25-M01,visit_note,VN-009201,VN-009250,50
B25-M02,visit_note,VN-009251,VN-009300,50
B25-M03,visit_note,VN-009301,VN-009350,50
B25-M04,visit_note,VN-009351,VN-009400,50
B25-M05,visit_note,VN-009401,VN-009450,50
B25-M06,visit_note,VN-009451,VN-009500,50
B25-M07,visit_note,VN-009501,VN-009550,50
B25-M08,visit_note,VN-009551,VN-009600,50
B25-M09,visit_note,VN-009601,VN-009650,50
B25-M10,visit_note,VN-009651,VN-009700,50
B26-M01,visit_note,VN-009701,VN-009750,50
B26-M02,visit_note,VN-009751,VN-009800,50
B26-M03,visit_note,VN-009801,VN-009850,50
B26-M04,visit_note,VN-009851,VN-009900,50
B26-M05,visit_note,VN-009901,VN-009950,50
B26-M06,visit_note,VN-009951,VN-010000,50
B26-M07,visit_note,VN-010001,VN-010050,50
B26-M08,visit_note,VN-010051,VN-010100,50
B26-M09,visit_note,VN-010101,VN-010150,50
B26-M10,visit_note,VN-010151,VN-010200,50
B27-M01,visit_note,VN-010201,VN-010250,50
B27-M02,visit_note,VN-010251,VN-010300,50
B27-M03,visit_note,VN-010301,VN-010350,50
B27-M04,visit_note,VN-010351,VN-010400,50
B27-M05,visit_note,VN-010401,VN-010450,50
B27-M06,visit_note,VN-010451,VN-010500,50
B27-M07,visit_note,VN-010501,VN-010550,50
B27-M08,visit_note,VN-010551,VN-010600,50
B27-M09,visit_note,VN-010601,VN-010650,50
B27-M10,visit_note,VN-010651,VN-010700,50
B28-M01,visit_note,VN-010701,VN-010750,50
B28-M02,visit_note,VN-010751,VN-010800,50
B28-M03,visit_note,VN-010801,VN-010850,50
B28-M04,visit_note,VN-010851,VN-010900,50
B28-M05,visit_note,VN-010901,VN-010950,50
B28-M06,visit_note,VN-010951,VN-011000,50
B28-M07,visit_note,VN-011001,VN-011050,50
B28-M08,visit_note,VN-011051,VN-011100,50
B29-M01,prescription,RX-002701,RX-002750,50
B29-M02,prescription,RX-002751,RX-002800,50
B29-M03,prescription,RX-002801,RX-002850,50
B29-M04,prescription,RX-002851,RX-002900,50
B29-M05,prescription,RX-002901,RX-002950,50
B29-M06,prescription,RX-002951,RX-003000,50
B29-M07,prescription,RX-003001,RX-003050,50
B29-M08,prescription,RX-003051,RX-003100,50
B29-M09,prescription,RX-003101,RX-003150,50
B29-M10,prescription,RX-003151,RX-003200,50
B30-M01,prescription,RX-003201,RX-003250,50
B30-M02,prescription,RX-003251,RX-003300,50
B30-M03,prescription,RX-003301,RX-003350,50
B30-M04,prescription,RX-003351,RX-003400,50
B30-M05,prescription,RX-003401,RX-003450,50
B30-M06,prescription,RX-003451,RX-003500,50
B30-M07,prescription,RX-003501,RX-003550,50
B30-M08,prescription,RX-003551,RX-003600,50
B30-M09,prescription,RX-003601,RX-003650,50
B30-M10,prescription,RX-003651,RX-003700,50
B31-M01,prescription,RX-003701,RX-003750,50
B31-M02,prescription,RX-003751,RX-003800,50
B31-M03,prescription,RX-003801,RX-003850,50
B31-M04,prescription,RX-003851,RX-003900,50
B31-M05,prescription,RX-003901,RX-003950,50
B31-M06,prescription,RX-003951,RX-004000,50
B31-M07,prescription,RX-004001,RX-004050,50
B31-M08,prescription,RX-004051,RX-004100,50
B31-M09,prescription,RX-004101,RX-004150,50
B31-M10,prescription,RX-004151,RX-004200,50
B32-M01,prescription,RX-004201,RX-004250,50
B32-M02,prescription,RX-004251,RX-004300,50
B32-M03,prescription,RX-004301,RX-004350,50
B32-M04,prescription,RX-004351,RX-004400,50
B32-M05,prescription,RX-004401,RX-004450,50
B32-M06,prescription,RX-004451,RX-004500,50
B32-M07,prescription,RX-004501,RX-004550,50
B32-M08,prescription,RX-004551,RX-004600,50
B32-M09,prescription,RX-004601,RX-004650,50
B32-M10,prescription,RX-004651,RX-004700,50
B33-M01,prescription,RX-004701,RX-004750,50
B33-M02,prescription,RX-004751,RX-004800,50
B33-M03,prescription,RX-004801,RX-004850,50
B33-M04,prescription,RX-004851,RX-004900,50
B33-M05,prescription,RX-004901,RX-004950,50
B33-M06,prescription,RX-004951,RX-005000,50
B33-M07,prescription,RX-005001,RX-005050,50
B33-M08,prescription,RX-005051,RX-005100,50
B33-M09,prescription,RX-005101,RX-005150,50
B33-M10,prescription,RX-005151,RX-005200,50
B34-M01,prescription,RX-005201,RX-005250,50
B34-M02,prescription,RX-005251,RX-005300,50
B34-M03,prescription,RX-005301,RX-005350,50
B34-M04,prescription,RX-005351,RX-005400,50
B34-M05,prescription,RX-005401,RX-005450,50
B34-M06,prescription,RX-005451,RX-005500,50
B34-M07,prescription,RX-005501,RX-005550,50
B34-M08,prescription,RX-005551,RX-005600,50
B34-M09,prescription,RX-005601,RX-005650,50
B34-M10,prescription,RX-005651,RX-005700,50
B35-M01,prescription,RX-005701,RX-005750,50
B35-M02,prescription,RX-005751,RX-005800,50
B35-M03,prescription,RX-005801,RX-005850,50
B35-M04,prescription,RX-005851,RX-005900,50
B35-M05,prescription,RX-005901,RX-005950,50
B35-M06,prescription,RX-005951,RX-006000,50
B35-M07,prescription,RX-006001,RX-006050,50
B35-M08,prescription,RX-006051,RX-006100,50
B35-M09,prescription,RX-006101,RX-006150,50
B35-M10,prescription,RX-006151,RX-006200,50
B36-M01,prescription,RX-006201,RX-006250,50
B36-M02,prescription,RX-006251,RX-006300,50
B36-M03,prescription,RX-006301,RX-006350,50
B36-M04,prescription,RX-006351,RX-006400,50
B36-M05,prescription,RX-006401,RX-006450,50
B36-M06,prescription,RX-006451,RX-006500,50
B36-M07,prescription,RX-006501,RX-006550,50
B36-M08,prescription,RX-006551,RX-006600,50
B36-M09,prescription,RX-006601,RX-006650,50
B36-M10,prescription,RX-006651,RX-006700,50
B37-M01,prescription,RX-006701,RX-006750,50
B37-M02,prescription,RX-006751,RX-006800,50
B37-M03,prescription,RX-006801,RX-006850,50
B37-M04,prescription,RX-006851,RX-006900,50
B37-M05,prescription,RX-006901,RX-006950,50
B37-M06,prescription,RX-006951,RX-007000,50
B37-M07,prescription,RX-007001,RX-007050,50
B37-M08,prescription,RX-007051,RX-007100,50
B37-M09,prescription,RX-007101,RX-007150,50
B37-M10,prescription,RX-007151,RX-007200,50
B38-M01,prescription,RX-007201,RX-007250,50
B38-M02,prescription,RX-007251,RX-007300,50
B38-M03,prescription,RX-007301,RX-007350,50
B38-M04,prescription,RX-007351,RX-007400,50
B38-M05,prescription,RX-007401,RX-007450,50
B38-M06,prescription,RX-007451,RX-007500,50
B38-M07,prescription,RX-007501,RX-007550,50
B38-M08,prescription,RX-007551,RX-007600,50
B38-M09,prescription,RX-007601,RX-007650,50
B38-M10,prescription,RX-007651,RX-007700,50
B39-M01,prescription,RX-007701,RX-007750,50
B39-M02,prescription,RX-007751,RX-007800,50
B39-M03,prescription,RX-007801,RX-007850,50
B39-M04,prescription,RX-007851,RX-007900,50
B39-M05,prescription,RX-007901,RX-007950,50
B39-M06,prescription,RX-007951,RX-008000,50
B39-M07,prescription,RX-008001,RX-008050,50
B39-M08,prescription,RX-008051,RX-008100,50
B39-M09,prescription,RX-008101,RX-008150,50
B39-M10,prescription,RX-008151,RX-008200,50
B40-M01,prescription,RX-008201,RX-008250,50
B40-M02,prescription,RX-008251,RX-008300,50
B40-M03,prescription,RX-008301,RX-008350,50
B40-M04,prescription,RX-008351,RX-008400,50
B40-M05,prescription,RX-008401,RX-008450,50
B40-M06,prescription,RX-008451,RX-008500,50
B40-M07,prescription,RX-008501,RX-008550,50
B40-M08,prescription,RX-008551,RX-008600,50
B40-M09,prescription,RX-008601,RX-008650,50
B40-M10,prescription,RX-008651,RX-008700,50
B41-M01,prescription,RX-008701,RX-008750,50
B41-M02,prescription,RX-008751,RX-008800,50
B41-M03,prescription,RX-008801,RX-008850,50
B41-M04,prescription,RX-008851,RX-008900,50
B41-M05,prescription,RX-008901,RX-008950,50
B41-M06,prescription,RX-008951,RX-009000,50
B41-M07,prescription,RX-009001,RX-009050,50
B41-M08,prescription,RX-009051,RX-009100,50
B41-M09,prescription,RX-009101,RX-009150,50
B41-M10,prescription,RX-009151,RX-009200,50
B42-M01,prescription,RX-009201,RX-009250,50
B42-M02,prescription,RX-009251,RX-009300,50
B42-M03,prescription,RX-009301,RX-009350,50
B42-M04,prescription,RX-009351,RX-009400,50
B42-M05,prescription,RX-009401,RX-009450,50
B42-M06,prescription,RX-009451,RX-009500,50
B42-M07,prescription,RX-009501,RX-009550,50
B42-M08,prescription,RX-009551,RX-009600,50
B42-M09,prescription,RX-009601,RX-009650,50
B42-M10,prescription,RX-009651,RX-009700,50
B43-M01,prescription,RX-009701,RX-009750,50
B43-M02,prescription,RX-009751,RX-009800,50
B43-M03,prescription,RX-009801,RX-009850,50
B43-M04,prescription,RX-009851,RX-009900,50
