ref,name,specialization,specialization_id,days,slots,fee,room,experience_years,languages
DOC-001,Dr. Farhana Kabir,General Medicine,SPEC-01,Sat Mon Wed,09:00 AM; 09:30 AM; 10:00 AM; 10:30 AM; 11:00 AM; 11:30 AM; 12:00 PM; 12:30 PM,600,Room 101,9,"Bangla, English"
DOC-002,Dr. Tanvir Ahmed,General Medicine,SPEC-01,Sun Tue Thu,02:00 PM; 02:30 PM; 03:00 PM; 03:30 PM; 04:00 PM; 04:30 PM,600,Room 102,6,"Bangla, English"
DOC-003,Dr. Nusrat Jahan,General Medicine,SPEC-01,Sat Sun Mon Tue Wed,10:00 AM; 10:30 AM; 11:00 AM; 11:30 AM; 03:00 PM; 03:30 PM; 04:00 PM; 04:30 PM,800,Room 103,17,"Bangla, English, Hindi"
DOC-004,Dr. Mahmudul Hasan,Cardiology,SPEC-02,Sat Mon Wed,09:00 AM; 09:30 AM; 10:00 AM; 10:30 AM; 11:00 AM; 11:30 AM; 12:00 PM; 12:30 PM,1200,Room 201,12,"Bangla, English"
DOC-005,Dr. Sabrina Chowdhury,Cardiology,SPEC-02,Sun Tue Thu,02:00 PM; 02:30 PM; 03:00 PM; 03:30 PM; 04:00 PM; 04:30 PM,1200,Room 202,8,"Bangla, English"
DOC-006,Dr. Rafiqul Islam,Cardiology,SPEC-02,Sat Sun Mon Tue Wed,10:00 AM; 10:30 AM; 11:00 AM; 11:30 AM; 03:00 PM; 03:30 PM; 04:00 PM; 04:30 PM,1400,Room 203,22,"Bangla, English, Arabic"
DOC-007,Dr. Shirin Akter,Pulmonology,SPEC-03,Sat Mon Wed,09:00 AM; 09:30 AM; 10:00 AM; 10:30 AM; 11:00 AM; 11:30 AM; 12:00 PM; 12:30 PM,1000,Room 301,10,"Bangla, English"
DOC-008,Dr. Arif Hossain,Pulmonology,SPEC-03,Sun Tue Thu,02:00 PM; 02:30 PM; 03:00 PM; 03:30 PM; 04:00 PM; 04:30 PM,1000,Room 302,7,"Bangla, English"
DOC-009,Dr. Kamrul Hasan,Pulmonology,SPEC-03,Sat Sun Mon Tue Wed,10:00 AM; 10:30 AM; 11:00 AM; 11:30 AM; 03:00 PM; 03:30 PM; 04:00 PM; 04:30 PM,1200,Room 303,19,"Bangla, English"
DOC-010,Dr. Nasrin Sultana,Gastroenterology,SPEC-04,Sat Mon Wed,09:00 AM; 09:30 AM; 10:00 AM; 10:30 AM; 11:00 AM; 11:30 AM; 12:00 PM; 12:30 PM,1000,Room 401,11,"Bangla, English"
DOC-011,Dr. Imran Kabir,Gastroenterology,SPEC-04,Sun Tue Thu,02:00 PM; 02:30 PM; 03:00 PM; 03:30 PM; 04:00 PM; 04:30 PM,1000,Room 402,5,"Bangla, English"
DOC-012,Dr. Zahid Hasan,Gastroenterology,SPEC-04,Sat Sun Mon Tue Wed,10:00 AM; 10:30 AM; 11:00 AM; 11:30 AM; 03:00 PM; 03:30 PM; 04:00 PM; 04:30 PM,1200,Room 403,18,"Bangla, English, Hindi"
DOC-013,Dr. Rumana Haque,Endocrinology,SPEC-05,Sat Mon Wed,09:00 AM; 09:30 AM; 10:00 AM; 10:30 AM; 11:00 AM; 11:30 AM; 12:00 PM; 12:30 PM,1000,Room 501,13,"Bangla, English"
DOC-014,Dr. Saiful Alam,Endocrinology,SPEC-05,Sun Tue Thu,02:00 PM; 02:30 PM; 03:00 PM; 03:30 PM; 04:00 PM; 04:30 PM,1000,Room 502,6,"Bangla, English"
DOC-015,Dr. Lubna Rahman,Endocrinology,SPEC-05,Sat Sun Mon Tue Wed,10:00 AM; 10:30 AM; 11:00 AM; 11:30 AM; 03:00 PM; 03:30 PM; 04:00 PM; 04:30 PM,1200,Room 503,20,"Bangla, English"
DOC-016,Dr. Tahmina Begum,Dermatology,SPEC-06,Sat Mon Wed,09:00 AM; 09:30 AM; 10:00 AM; 10:30 AM; 11:00 AM; 11:30 AM; 12:00 PM; 12:30 PM,800,Room 601,9,"Bangla, English"
DOC-017,Dr. Asif Mahmud,Dermatology,SPEC-06,Sun Tue Thu,02:00 PM; 02:30 PM; 03:00 PM; 03:30 PM; 04:00 PM; 04:30 PM,800,Room 602,4,"Bangla, English"
DOC-018,Dr. Sadia Islam,Dermatology,SPEC-06,Sat Sun Mon Tue Wed,10:00 AM; 10:30 AM; 11:00 AM; 11:30 AM; 03:00 PM; 03:30 PM; 04:00 PM; 04:30 PM,1000,Room 603,15,"Bangla, English"
DOC-019,Dr. Mostafizur Rahman,Orthopedics,SPEC-07,Sat Mon Wed,09:00 AM; 09:30 AM; 10:00 AM; 10:30 AM; 11:00 AM; 11:30 AM; 12:00 PM; 12:30 PM,1000,Room 701,14,"Bangla, English"
DOC-020,Dr. Jannatul Ferdous,Orthopedics,SPEC-07,Sun Tue Thu,02:00 PM; 02:30 PM; 03:00 PM; 03:30 PM; 04:00 PM; 04:30 PM,1000,Room 702,7,"Bangla, English"
DOC-021,Dr. Habibur Rahman,Orthopedics,SPEC-07,Sat Sun Mon Tue Wed,10:00 AM; 10:30 AM; 11:00 AM; 11:30 AM; 03:00 PM; 03:30 PM; 04:00 PM; 04:30 PM,1200,Room 703,24,"Bangla, English"
DOC-022,Dr. Selina Parvin,Neurology,SPEC-08,Sat Mon Wed,09:00 AM; 09:30 AM; 10:00 AM; 10:30 AM; 11:00 AM; 11:30 AM; 12:00 PM; 12:30 PM,1200,Room 801,12,"Bangla, English"
DOC-023,Dr. Rezaul Karim,Neurology,SPEC-08,Sun Tue Thu,02:00 PM; 02:30 PM; 03:00 PM; 03:30 PM; 04:00 PM; 04:30 PM,1200,Room 802,8,"Bangla, English"
DOC-024,Dr. Moinul Haque,Neurology,SPEC-08,Sat Sun Mon Tue Wed,10:00 AM; 10:30 AM; 11:00 AM; 11:30 AM; 03:00 PM; 03:30 PM; 04:00 PM; 04:30 PM,1400,Room 803,21,"Bangla, English, Hindi"
DOC-025,Dr. Fahmida Yasmin,ENT,SPEC-09,Sat Mon Wed,09:00 AM; 09:30 AM; 10:00 AM; 10:30 AM; 11:00 AM; 11:30 AM; 12:00 PM; 12:30 PM,800,Room 901,10,"Bangla, English"
DOC-026,Dr. Shahadat Hossain,ENT,SPEC-09,Sun Tue Thu,02:00 PM; 02:30 PM; 03:00 PM; 03:30 PM; 04:00 PM; 04:30 PM,800,Room 902,6,"Bangla, English"
DOC-027,Dr. Towhid Alam,ENT,SPEC-09,Sat Sun Mon Tue Wed,10:00 AM; 10:30 AM; 11:00 AM; 11:30 AM; 03:00 PM; 03:30 PM; 04:00 PM; 04:30 PM,1000,Room 903,16,"Bangla, English"
DOC-028,Dr. Shamima Nasrin,Ophthalmology,SPEC-10,Sat Mon Wed,09:00 AM; 09:30 AM; 10:00 AM; 10:30 AM; 11:00 AM; 11:30 AM; 12:00 PM; 12:30 PM,800,Room 1001,11,"Bangla, English"
DOC-029,Dr. Anisur Rahman,Ophthalmology,SPEC-10,Sun Tue Thu,02:00 PM; 02:30 PM; 03:00 PM; 03:30 PM; 04:00 PM; 04:30 PM,800,Room 1002,5,"Bangla, English"
DOC-030,Dr. Mehedi Hasan,Ophthalmology,SPEC-10,Sat Sun Mon Tue Wed,10:00 AM; 10:30 AM; 11:00 AM; 11:30 AM; 03:00 PM; 03:30 PM; 04:00 PM; 04:30 PM,1000,Room 1003,18,"Bangla, English"
DOC-031,Dr. Rokeya Khatun,Obstetrics and Gynecology,SPEC-11,Sat Mon Wed,09:00 AM; 09:30 AM; 10:00 AM; 10:30 AM; 11:00 AM; 11:30 AM; 12:00 PM; 12:30 PM,1000,Room 1101,15,"Bangla, English"
DOC-032,Dr. Sharmin Akter,Obstetrics and Gynecology,SPEC-11,Sun Tue Thu,02:00 PM; 02:30 PM; 03:00 PM; 03:30 PM; 04:00 PM; 04:30 PM,1000,Room 1102,8,"Bangla, English"
DOC-033,Dr. Nazma Begum,Obstetrics and Gynecology,SPEC-11,Sat Sun Mon Tue Wed,10:00 AM; 10:30 AM; 11:00 AM; 11:30 AM; 03:00 PM; 03:30 PM; 04:00 PM; 04:30 PM,1200,Room 1103,23,"Bangla, English"
DOC-034,Dr. Ishrat Jahan,Psychiatry,SPEC-12,Sat Mon Wed,09:00 AM; 09:30 AM; 10:00 AM; 10:30 AM; 11:00 AM; 11:30 AM; 12:00 PM; 12:30 PM,1200,Room 1201,10,"Bangla, English"
DOC-035,Dr. Faisal Karim,Psychiatry,SPEC-12,Sun Tue Thu,02:00 PM; 02:30 PM; 03:00 PM; 03:30 PM; 04:00 PM; 04:30 PM,1200,Room 1202,7,"Bangla, English"
DOC-036,Dr. Mahbuba Rahman,Psychiatry,SPEC-12,Sat Sun Mon Tue Wed,10:00 AM; 10:30 AM; 11:00 AM; 11:30 AM; 03:00 PM; 03:30 PM; 04:00 PM; 04:30 PM,1400,Room 1203,19,"Bangla, English"
